<environmentvariabledefinition schemaname="acvbr_shared_sharepointonline_83021830026b4d5abf5b39c2d752ad6f">
  <apiid>/providers/microsoft.powerapps/apis/shared_sharepointonline</apiid>
  <description default="Provide the SharePoint Learning Address">
    <label description="Provide the SharePoint Learning Address" languagecode="1033" />
  </description>
  <displayname default="SharePoint Learning Site">
    <label description="SharePoint Learning Site" languagecode="1033" />
  </displayname>
  <introducedversion>1.0.0.0</introducedversion>
  <iscustomizable>1</iscustomizable>
  <isrequired>0</isrequired>
  <parameterkey>dataset</parameterkey>
  <secretstore>0</secretstore>
  <type>100000004</type>
</environmentvariabledefinition>