<ImportExportXml version="9.2.22112.178" SolutionPackageVersion="9.2" languagecode="1033" generatedBy="CrmLive" xmlns:xsi="http://www.w3.org/2001/XMLSchema-instance">
  <SolutionManifest>
    <UniqueName>VivaLearningSharePointStarterKit</UniqueName>
    <LocalizedNames>
      <LocalizedName description="Viva Learning SharePoint Starter Kit" languagecode="1033" />
    </LocalizedNames>
    <Descriptions />
    <Version>1.0.0.30</Version>
    <Managed>0</Managed>
    <Publisher>
      <UniqueName>vivalearningsharepointstarterkit</UniqueName>
      <LocalizedNames>
        <LocalizedName description="Viva Learning SharePoint Starter Kit" languagecode="1033" />
      </LocalizedNames>
      <Descriptions>
        <Description description="O Viva Learning SharePoint Starter Kit é um aplicativo customizado desenvolvido usando a Power Platform juntamente com um modelo de site de SharePoint permitindo aos colaboradores da organização sugerirem seus próprios conteúdos de treinamento com a finalidade de agregar valor à organização, adotar " languagecode="1033" />
      </Descriptions>
      <EMailAddress xsi:nil="true"></EMailAddress>
      <SupportingWebsiteUrl xsi:nil="true"></SupportingWebsiteUrl>
      <CustomizationPrefix>vlss</CustomizationPrefix>
      <CustomizationOptionValuePrefix>37718</CustomizationOptionValuePrefix>
      <Addresses>
        <Address>
          <AddressNumber>1</AddressNumber>
          <AddressTypeCode>1</AddressTypeCode>
          <City xsi:nil="true"></City>
          <County xsi:nil="true"></County>
          <Country xsi:nil="true"></Country>
          <Fax xsi:nil="true"></Fax>
          <FreightTermsCode xsi:nil="true"></FreightTermsCode>
          <ImportSequenceNumber xsi:nil="true"></ImportSequenceNumber>
          <Latitude xsi:nil="true"></Latitude>
          <Line1 xsi:nil="true"></Line1>
          <Line2 xsi:nil="true"></Line2>
          <Line3 xsi:nil="true"></Line3>
          <Longitude xsi:nil="true"></Longitude>
          <Name xsi:nil="true"></Name>
          <PostalCode xsi:nil="true"></PostalCode>
          <PostOfficeBox xsi:nil="true"></PostOfficeBox>
          <PrimaryContactName xsi:nil="true"></PrimaryContactName>
          <ShippingMethodCode>1</ShippingMethodCode>
          <StateOrProvince xsi:nil="true"></StateOrProvince>
          <Telephone1 xsi:nil="true"></Telephone1>
          <Telephone2 xsi:nil="true"></Telephone2>
          <Telephone3 xsi:nil="true"></Telephone3>
          <TimeZoneRuleVersionNumber xsi:nil="true"></TimeZoneRuleVersionNumber>
          <UPSZone xsi:nil="true"></UPSZone>
          <UTCOffset xsi:nil="true"></UTCOffset>
          <UTCConversionTimeZoneCode xsi:nil="true"></UTCConversionTimeZoneCode>
        </Address>
        <Address>
          <AddressNumber>2</AddressNumber>
          <AddressTypeCode>1</AddressTypeCode>
          <City xsi:nil="true"></City>
          <County xsi:nil="true"></County>
          <Country xsi:nil="true"></Country>
          <Fax xsi:nil="true"></Fax>
          <FreightTermsCode xsi:nil="true"></FreightTermsCode>
          <ImportSequenceNumber xsi:nil="true"></ImportSequenceNumber>
          <Latitude xsi:nil="true"></Latitude>
          <Line1 xsi:nil="true"></Line1>
          <Line2 xsi:nil="true"></Line2>
          <Line3 xsi:nil="true"></Line3>
          <Longitude xsi:nil="true"></Longitude>
          <Name xsi:nil="true"></Name>
          <PostalCode xsi:nil="true"></PostalCode>
          <PostOfficeBox xsi:nil="true"></PostOfficeBox>
          <PrimaryContactName xsi:nil="true"></PrimaryContactName>
          <ShippingMethodCode>1</ShippingMethodCode>
          <StateOrProvince xsi:nil="true"></StateOrProvince>
          <Telephone1 xsi:nil="true"></Telephone1>
          <Telephone2 xsi:nil="true"></Telephone2>
          <Telephone3 xsi:nil="true"></Telephone3>
          <TimeZoneRuleVersionNumber xsi:nil="true"></TimeZoneRuleVersionNumber>
          <UPSZone xsi:nil="true"></UPSZone>
          <UTCOffset xsi:nil="true"></UTCOffset>
          <UTCConversionTimeZoneCode xsi:nil="true"></UTCConversionTimeZoneCode>
        </Address>
      </Addresses>
    </Publisher>
    <RootComponents>
      <RootComponent type="29" id="{1cbe85a8-9f12-ed11-b83e-002248376041}" behavior="0" />
      <RootComponent type="29" id="{2ae9a327-506f-ed11-81ac-000d3a8864e9}" behavior="0" />
      <RootComponent type="29" id="{442f50ca-e756-ed11-9561-000d3a8864e9}" behavior="0" />
      <RootComponent type="29" id="{7729a5dc-320f-ed11-b83d-002248376041}" behavior="0" />
      <RootComponent type="29" id="{88d82241-0e1b-ed11-b83e-002248376041}" behavior="0" />
      <RootComponent type="29" id="{9881875c-dd2a-ed11-9db1-002248376041}" behavior="0" />
      <RootComponent type="29" id="{a5fe55f3-0a70-ed11-81ac-000d3a8864e9}" behavior="0" />
      <RootComponent type="29" id="{c92102b2-4172-ed11-81ac-000d3a8864e9}" behavior="0" />
      <RootComponent type="29" id="{ec985829-264e-ed11-bba3-000d3a8864e9}" behavior="0" />
      <RootComponent type="300" schemaName="acvbr_microsoftvivasharepointcontentadmin_6eec7" behavior="0" />
    </RootComponents>
    <MissingDependencies />
  </SolutionManifest>
</ImportExportXml>