{
  "properties": {
    "connectionReferences": {
      "shared_sharepointonline": {
        "runtimeSource": "embedded",
        "connection": {
          "connectionReferenceLogicalName": "acvbr_sharedsharepointonline_7077b"
        },
        "api": {
          "name": "shared_sharepointonline"
        }
      }
    },
    "definition": {
      "$schema": "https://schema.management.azure.com/providers/Microsoft.Logic/schemas/2016-06-01/workflowdefinition.json#",
      "contentVersion": "1.0.0.0",
      "parameters": {
        "$connections": {
          "defaultValue": {},
          "type": "Object"
        },
        "$authentication": {
          "defaultValue": {},
          "type": "SecureObject"
        },
        "SharePoint Learning Site (acvbr_shared_sharepointonline_83021830026b4d5abf5b39c2d752ad6f)": {
          "defaultValue": "https://m365x66999889.sharepoint.com/sites/desenvolver",
          "type": "String",
          "metadata": {
            "schemaName": "acvbr_shared_sharepointonline_83021830026b4d5abf5b39c2d752ad6f",
            "description": "Provide the SharePoint Learning Address"
          }
        },
        "Viva Learning Thumbnails (vlss_shared_sharepointonline_309e6b9ff98b4b7bb23f45a8860244da)": {
          "defaultValue": "9617f3cd-c65d-439a-bf10-026e97d14f2a",
          "type": "String",
          "metadata": {
            "schemaName": "vlss_shared_sharepointonline_309e6b9ff98b4b7bb23f45a8860244da"
          }
        }
      },
      "triggers": {
        "manual": {
          "metadata": {
            "operationMetadataId": "93149b0c-7741-4b00-9ea6-41631c42068d"
          },
          "type": "Request",
          "kind": "Button",
          "inputs": {
            "schema": {
              "type": "object",
              "properties": {},
              "required": []
            }
          }
        }
      },
      "actions": {
        "SP:_Le_todos_os_arquivos_da_biblioteca": {
          "runAfter": {},
          "metadata": {
            "operationMetadataId": "e50a70c6-4542-4685-b651-183c82afa765"
          },
          "type": "OpenApiConnection",
          "inputs": {
            "host": {
              "connectionName": "shared_sharepointonline",
              "operationId": "GetFileItems",
              "apiId": "/providers/Microsoft.PowerApps/apis/shared_sharepointonline"
            },
            "parameters": {
              "dataset": "@parameters('SharePoint Learning Site (acvbr_shared_sharepointonline_83021830026b4d5abf5b39c2d752ad6f)')",
              "table": "@parameters('Viva Learning Thumbnails (vlss_shared_sharepointonline_309e6b9ff98b4b7bb23f45a8860244da)')"
            },
            "authentication": {
              "type": "Raw",
              "value": "@json(decodeBase64(triggerOutputs().headers['X-MS-APIM-Tokens']))['$ConnectionKey']"
            }
          }
        },
        "Le_arquivo_por_arquivo": {
          "foreach": "@outputs('SP:_Le_todos_os_arquivos_da_biblioteca')?['body/value']",
          "actions": {
            "Update_file_properties": {
              "runAfter": {
                "Compose:_exibe_o_base_64_do_arquivo": [
                  "Succeeded"
                ]
              },
              "metadata": {
                "operationMetadataId": "f345313d-7e50-44bd-8347-17eb16a6036e"
              },
              "type": "OpenApiConnection",
              "inputs": {
                "host": {
                  "connectionName": "shared_sharepointonline",
                  "operationId": "PatchFileItem",
                  "apiId": "/providers/Microsoft.PowerApps/apis/shared_sharepointonline"
                },
                "parameters": {
                  "dataset": "@parameters('SharePoint Learning Site (acvbr_shared_sharepointonline_83021830026b4d5abf5b39c2d752ad6f)')",
                  "table": "@parameters('Viva Learning Thumbnails (vlss_shared_sharepointonline_309e6b9ff98b4b7bb23f45a8860244da)')",
                  "id": "@items('Le_arquivo_por_arquivo')?['ID']",
                  "item/Title": "@items('Le_arquivo_por_arquivo')?['Title']",
                  "item/LDLinktoItem": "@items('Le_arquivo_por_arquivo')?['{Link}']",
                  "item/OData__ExtendedDescription": "@items('Le_arquivo_por_arquivo')?['Title']",
                  "item/imagebase64": "@outputs('Compose:_exibe_o_base_64_do_arquivo')"
                },
                "authentication": {
                  "type": "Raw",
                  "value": "@json(decodeBase64(triggerOutputs().headers['X-MS-APIM-Tokens']))['$ConnectionKey']"
                }
              }
            },
            "Get_file_content_using_path": {
              "runAfter": {},
              "metadata": {
                "operationMetadataId": "85de5ccf-03e7-4b50-8240-57e6534e4470"
              },
              "type": "OpenApiConnection",
              "inputs": {
                "host": {
                  "connectionName": "shared_sharepointonline",
                  "operationId": "GetFileContentByPath",
                  "apiId": "/providers/Microsoft.PowerApps/apis/shared_sharepointonline"
                },
                "parameters": {
                  "dataset": "@parameters('SharePoint Learning Site (acvbr_shared_sharepointonline_83021830026b4d5abf5b39c2d752ad6f)')",
                  "path": "@items('Le_arquivo_por_arquivo')?['{FullPath}']",
                  "inferContentType": true
                },
                "authentication": {
                  "type": "Raw",
                  "value": "@json(decodeBase64(triggerOutputs().headers['X-MS-APIM-Tokens']))['$ConnectionKey']"
                }
              }
            },
            "Compose:_exibe_o_base_64_do_arquivo": {
              "runAfter": {
                "Get_file_content_using_path": [
                  "Succeeded"
                ]
              },
              "metadata": {
                "operationMetadataId": "84d0b7ca-4375-495e-91ef-23c7652bc4c8"
              },
              "type": "Compose",
              "inputs": "@base64(outputs('Get_file_content_using_path')?['body'])"
            }
          },
          "runAfter": {
            "SP:_Le_todos_os_arquivos_da_biblioteca": [
              "Succeeded"
            ]
          },
          "metadata": {
            "operationMetadataId": "a0cab3a2-6eff-424a-aadb-5b12afe8c34c"
          },
          "type": "Foreach"
        }
      },
      "outputs": {}
    },
    "templateName": ""
  },
  "schemaVersion": "1.0.0.0"
}