<environmentvariabledefinition schemaname="vlss_shared_sharepointonline_309e6b9ff98b4b7bb23f45a8860244da">
  <apiid>/providers/microsoft.powerapps/apis/shared_sharepointonline</apiid>
  <displayname default="Viva Learning Thumbnails">
    <label description="Viva Learning Thumbnails" languagecode="1033" />
  </displayname>
  <introducedversion>1.0.0.5</introducedversion>
  <iscustomizable>1</iscustomizable>
  <isrequired>0</isrequired>
  <parameterkey>table</parameterkey>
  <parentdefinitionid>
    <schemaname>acvbr_shared_sharepointonline_83021830026b4d5abf5b39c2d752ad6f</schemaname>
  </parentdefinitionid>
  <secretstore>0</secretstore>
  <type>100000004</type>
</environmentvariabledefinition>