<ImportExportXml xmlns:xsi="http://www.w3.org/2001/XMLSchema-instance">
  <Entities></Entities>
  <Roles></Roles>
  <Workflows>
    <Workflow WorkflowId="{2ae9a327-506f-ed11-81ac-000d3a8864e9}" Name="LDSetup">
      <JsonFileName>/Workflows/LDSetup-2AE9A327-506F-ED11-81AC-000D3A8864E9.json</JsonFileName>
      <Type>1</Type>
      <Subprocess>0</Subprocess>
      <Category>5</Category>
      <Mode>0</Mode>
      <Scope>4</Scope>
      <OnDemand>0</OnDemand>
      <TriggerOnCreate>0</TriggerOnCreate>
      <TriggerOnDelete>0</TriggerOnDelete>
      <AsyncAutodelete>0</AsyncAutodelete>
      <SyncWorkflowLogOnFailure>0</SyncWorkflowLogOnFailure>
      <StateCode>1</StateCode>
      <StatusCode>2</StatusCode>
      <RunAs>1</RunAs>
      <IsTransacted>1</IsTransacted>
      <IntroducedVersion>1.0.0.18</IntroducedVersion>
      <IsCustomizable>1</IsCustomizable>
      <BusinessProcessType>0</BusinessProcessType>
      <IsCustomProcessingStepAllowedForOtherPublishers>1</IsCustomProcessingStepAllowedForOtherPublishers>
      <PrimaryEntity>none</PrimaryEntity>
      <LocalizedNames>
        <LocalizedName languagecode="1033" description="LDSetup" />
      </LocalizedNames>
    </Workflow>
    <Workflow WorkflowId="{a5fe55f3-0a70-ed11-81ac-000d3a8864e9}" Name="LDSetPermissions">
      <JsonFileName>/Workflows/LDSetPermissions-A5FE55F3-0A70-ED11-81AC-000D3A8864E9.json</JsonFileName>
      <Type>1</Type>
      <Subprocess>0</Subprocess>
      <Category>5</Category>
      <Mode>0</Mode>
      <Scope>4</Scope>
      <OnDemand>0</OnDemand>
      <TriggerOnCreate>0</TriggerOnCreate>
      <TriggerOnDelete>0</TriggerOnDelete>
      <AsyncAutodelete>0</AsyncAutodelete>
      <SyncWorkflowLogOnFailure>0</SyncWorkflowLogOnFailure>
      <StateCode>1</StateCode>
      <StatusCode>2</StatusCode>
      <RunAs>1</RunAs>
      <IsTransacted>1</IsTransacted>
      <IntroducedVersion>1.0.0.20</IntroducedVersion>
      <IsCustomizable>1</IsCustomizable>
      <BusinessProcessType>0</BusinessProcessType>
      <IsCustomProcessingStepAllowedForOtherPublishers>1</IsCustomProcessingStepAllowedForOtherPublishers>
      <PrimaryEntity>none</PrimaryEntity>
      <LocalizedNames>
        <LocalizedName languagecode="1033" description="LDSetPermissions" />
      </LocalizedNames>
    </Workflow>
    <Workflow WorkflowId="{c92102b2-4172-ed11-81ac-000d3a8864e9}" Name="LDUpdates">
      <JsonFileName>/Workflows/LDUpdates-C92102B2-4172-ED11-81AC-000D3A8864E9.json</JsonFileName>
      <Type>1</Type>
      <Subprocess>0</Subprocess>
      <Category>5</Category>
      <Mode>0</Mode>
      <Scope>4</Scope>
      <OnDemand>0</OnDemand>
      <TriggerOnCreate>0</TriggerOnCreate>
      <TriggerOnDelete>0</TriggerOnDelete>
      <AsyncAutodelete>0</AsyncAutodelete>
      <SyncWorkflowLogOnFailure>0</SyncWorkflowLogOnFailure>
      <StateCode>1</StateCode>
      <StatusCode>2</StatusCode>
      <RunAs>1</RunAs>
      <IsTransacted>1</IsTransacted>
      <IntroducedVersion>1.0.0.24</IntroducedVersion>
      <IsCustomizable>1</IsCustomizable>
      <BusinessProcessType>0</BusinessProcessType>
      <IsCustomProcessingStepAllowedForOtherPublishers>1</IsCustomProcessingStepAllowedForOtherPublishers>
      <PrimaryEntity>none</PrimaryEntity>
      <LocalizedNames>
        <LocalizedName languagecode="1033" description="LDUpdates" />
      </LocalizedNames>
    </Workflow>
    <Workflow WorkflowId="{442f50ca-e756-ed11-9561-000d3a8864e9}" Name="LDConvertToBase64">
      <JsonFileName>/Workflows/LDConvertToBase64-442F50CA-E756-ED11-9561-000D3A8864E9.json</JsonFileName>
      <Type>1</Type>
      <Subprocess>0</Subprocess>
      <Category>5</Category>
      <Mode>0</Mode>
      <Scope>4</Scope>
      <OnDemand>0</OnDemand>
      <TriggerOnCreate>0</TriggerOnCreate>
      <TriggerOnDelete>0</TriggerOnDelete>
      <AsyncAutodelete>0</AsyncAutodelete>
      <SyncWorkflowLogOnFailure>0</SyncWorkflowLogOnFailure>
      <StateCode>1</StateCode>
      <StatusCode>2</StatusCode>
      <RunAs>1</RunAs>
      <IsTransacted>1</IsTransacted>
      <IntroducedVersion>1.0.0.17</IntroducedVersion>
      <IsCustomizable>1</IsCustomizable>
      <BusinessProcessType>0</BusinessProcessType>
      <IsCustomProcessingStepAllowedForOtherPublishers>1</IsCustomProcessingStepAllowedForOtherPublishers>
      <PrimaryEntity>none</PrimaryEntity>
      <LocalizedNames>
        <LocalizedName languagecode="1033" description="LDConvertToBase64" />
      </LocalizedNames>
    </Workflow>
    <Workflow WorkflowId="{ec985829-264e-ed11-bba3-000d3a8864e9}" Name="LDConvertalltoBase64">
      <JsonFileName>/Workflows/LDConvertalltoBase64-EC985829-264E-ED11-BBA3-000D3A8864E9.json</JsonFileName>
      <Type>1</Type>
      <Subprocess>0</Subprocess>
      <Category>5</Category>
      <Mode>0</Mode>
      <Scope>4</Scope>
      <OnDemand>0</OnDemand>
      <TriggerOnCreate>0</TriggerOnCreate>
      <TriggerOnDelete>0</TriggerOnDelete>
      <AsyncAutodelete>0</AsyncAutodelete>
      <SyncWorkflowLogOnFailure>0</SyncWorkflowLogOnFailure>
      <StateCode>1</StateCode>
      <StatusCode>2</StatusCode>
      <RunAs>1</RunAs>
      <IsTransacted>1</IsTransacted>
      <IntroducedVersion>1.0.0.15</IntroducedVersion>
      <IsCustomizable>1</IsCustomizable>
      <BusinessProcessType>0</BusinessProcessType>
      <IsCustomProcessingStepAllowedForOtherPublishers>1</IsCustomProcessingStepAllowedForOtherPublishers>
      <PrimaryEntity>none</PrimaryEntity>
      <LocalizedNames>
        <LocalizedName languagecode="1033" description="LDConvertalltoBase64" />
      </LocalizedNames>
    </Workflow>
    <Workflow WorkflowId="{9881875c-dd2a-ed11-9db1-002248376041}" Name="LDChangeFileName">
      <JsonFileName>/Workflows/LDChangeFileName-9881875C-DD2A-ED11-9DB1-002248376041.json</JsonFileName>
      <Type>1</Type>
      <Subprocess>0</Subprocess>
      <Category>5</Category>
      <Mode>0</Mode>
      <Scope>4</Scope>
      <OnDemand>0</OnDemand>
      <TriggerOnCreate>0</TriggerOnCreate>
      <TriggerOnDelete>0</TriggerOnDelete>
      <AsyncAutodelete>0</AsyncAutodelete>
      <SyncWorkflowLogOnFailure>0</SyncWorkflowLogOnFailure>
      <StateCode>1</StateCode>
      <StatusCode>2</StatusCode>
      <RunAs>1</RunAs>
      <IsTransacted>1</IsTransacted>
      <IntroducedVersion>1.0.0.10</IntroducedVersion>
      <IsCustomizable>1</IsCustomizable>
      <BusinessProcessType>0</BusinessProcessType>
      <IsCustomProcessingStepAllowedForOtherPublishers>1</IsCustomProcessingStepAllowedForOtherPublishers>
      <PrimaryEntity>none</PrimaryEntity>
      <LocalizedNames>
        <LocalizedName languagecode="1033" description="LDChangeFileName" />
      </LocalizedNames>
    </Workflow>
    <Workflow WorkflowId="{7729a5dc-320f-ed11-b83d-002248376041}" Name="LDUploadFile">
      <JsonFileName>/Workflows/LDUploadFile-7729A5DC-320F-ED11-B83D-002248376041.json</JsonFileName>
      <Type>1</Type>
      <Subprocess>0</Subprocess>
      <Category>5</Category>
      <Mode>0</Mode>
      <Scope>4</Scope>
      <OnDemand>0</OnDemand>
      <TriggerOnCreate>0</TriggerOnCreate>
      <TriggerOnDelete>0</TriggerOnDelete>
      <AsyncAutodelete>0</AsyncAutodelete>
      <SyncWorkflowLogOnFailure>0</SyncWorkflowLogOnFailure>
      <StateCode>1</StateCode>
      <StatusCode>2</StatusCode>
      <RunAs>1</RunAs>
      <IsTransacted>1</IsTransacted>
      <IntroducedVersion>1.0.0.0</IntroducedVersion>
      <IsCustomizable>1</IsCustomizable>
      <BusinessProcessType>0</BusinessProcessType>
      <IsCustomProcessingStepAllowedForOtherPublishers>1</IsCustomProcessingStepAllowedForOtherPublishers>
      <PrimaryEntity>none</PrimaryEntity>
      <LocalizedNames>
        <LocalizedName languagecode="1033" description="LDUploadFile" />
      </LocalizedNames>
    </Workflow>
    <Workflow WorkflowId="{88d82241-0e1b-ed11-b83e-002248376041}" Name="LDMoveFile">
      <JsonFileName>/Workflows/LDMoveFile-88D82241-0E1B-ED11-B83E-002248376041.json</JsonFileName>
      <Type>1</Type>
      <Subprocess>0</Subprocess>
      <Category>5</Category>
      <Mode>0</Mode>
      <Scope>4</Scope>
      <OnDemand>0</OnDemand>
      <TriggerOnCreate>0</TriggerOnCreate>
      <TriggerOnDelete>0</TriggerOnDelete>
      <AsyncAutodelete>0</AsyncAutodelete>
      <SyncWorkflowLogOnFailure>0</SyncWorkflowLogOnFailure>
      <StateCode>1</StateCode>
      <StatusCode>2</StatusCode>
      <RunAs>1</RunAs>
      <IsTransacted>1</IsTransacted>
      <IntroducedVersion>1.0.0.1</IntroducedVersion>
      <IsCustomizable>1</IsCustomizable>
      <BusinessProcessType>0</BusinessProcessType>
      <IsCustomProcessingStepAllowedForOtherPublishers>1</IsCustomProcessingStepAllowedForOtherPublishers>
      <PrimaryEntity>none</PrimaryEntity>
      <LocalizedNames>
        <LocalizedName languagecode="1033" description="LDMoveFile" />
      </LocalizedNames>
    </Workflow>
    <Workflow WorkflowId="{1cbe85a8-9f12-ed11-b83e-002248376041}" Name="LDApprovalProcess">
      <JsonFileName>/Workflows/LDApprovalProcess-1CBE85A8-9F12-ED11-B83E-002248376041.json</JsonFileName>
      <Type>1</Type>
      <Subprocess>0</Subprocess>
      <Category>5</Category>
      <Mode>0</Mode>
      <Scope>4</Scope>
      <OnDemand>0</OnDemand>
      <TriggerOnCreate>0</TriggerOnCreate>
      <TriggerOnDelete>0</TriggerOnDelete>
      <AsyncAutodelete>0</AsyncAutodelete>
      <SyncWorkflowLogOnFailure>0</SyncWorkflowLogOnFailure>
      <StateCode>1</StateCode>
      <StatusCode>2</StatusCode>
      <RunAs>1</RunAs>
      <IsTransacted>1</IsTransacted>
      <IntroducedVersion>1.0.0.0</IntroducedVersion>
      <IsCustomizable>1</IsCustomizable>
      <BusinessProcessType>0</BusinessProcessType>
      <IsCustomProcessingStepAllowedForOtherPublishers>1</IsCustomProcessingStepAllowedForOtherPublishers>
      <PrimaryEntity>none</PrimaryEntity>
      <LocalizedNames>
        <LocalizedName languagecode="1033" description="LDApprovalProcess" />
      </LocalizedNames>
    </Workflow>
  </Workflows>
  <FieldSecurityProfiles></FieldSecurityProfiles>
  <Templates />
  <EntityMaps />
  <EntityRelationships />
  <OrganizationSettings />
  <optionsets />
  <CustomControls />
  <EntityDataProviders />
  <CanvasApps>
    <CanvasApp>
      <Name>acvbr_microsoftvivasharepointcontentadmin_6eec7</Name>
      <AppVersion>2022-12-01T20:48:44Z</AppVersion>
      <Status>Ready</Status>
      <CreatedByClientVersion>3.22111.19.0</CreatedByClientVersion>
      <MinClientVersion>3.22111.19.0</MinClientVersion>
      <Tags>{"primaryDeviceWidth":"1366","primaryDeviceHeight":"768","supportsPortrait":"true","supportsLandscape":"true","primaryFormFactor":"Tablet","publisherVersion":"3.22111.19","minimumRequiredApiVersion":"2.2.0","hasComponent":"true","hasUnlockedComponent":"true","isUnifiedRootApp":"false","sienaVersion":"20221130T150558Z-3.22111.19.0"}</Tags>
      <IsCdsUpgraded>0</IsCdsUpgraded>
      <GalleryItemId xsi:nil="true"></GalleryItemId>
      <BackgroundColor>rgba(255, 255, 255, 1)</BackgroundColor>
      <DisplayName>L&amp;D Suggestion</DisplayName>
      <Description>Learning and Development suggestion provide to users a simple entry mode to suggest new content to Viva Learning.</Description>
      <CommitMessage xsi:nil="true"></CommitMessage>
      <Publisher xsi:nil="true"></Publisher>
      <AuthorizationReferences>[]</AuthorizationReferences>
      <ConnectionReferences>{"292e0b2e-6f37-49f1-b12b-354756be81a2":{"id":"/providers/microsoft.powerapps/apis/shared_office365users","displayName":"Office 365 Users","iconUri":"https://connectoricons-prod.azureedge.net/u/juanq/releases/v1.0.1609-localization/1.0.1609.3085/office365users/icon.png","dataSources":["Office365Users"],"dependencies":[],"dependents":[],"parameterHints":{},"parameterHintsV2":{},"isOnPremiseConnection":false,"bypassConsent":false,"dataSets":{},"apiTier":"Standard","actions":["MyProfile_V2","UserPhoto_V2"]},"4c10caaa-4280-4ff0-aae2-6294041755a1":{"id":"/providers/microsoft.powerapps/apis/shared_sharepointonline","displayName":"SharePoint","iconUri":"https://connectoricons-prod.azureedge.net/releases/v1.0.1610-greyhound-localization-RelayFix/1.0.1610.3091/sharepointonline/icon.png","dataSources":["Learning App Settings","Viva Learning Approval","Viva Learning Catalog","Viva Learning Thumbnails"],"dependencies":[],"dependents":[],"parameterHints":{},"parameterHintsV2":{},"isOnPremiseConnection":false,"bypassConsent":false,"dataSets":{"https://m365x66999889.sharepoint.com/sites/desenvolver":{"dataSources":{"Learning App Settings":{"tableName":"0bdba8e2-2cad-41a9-89f2-8d38d13d146c"},"Viva Learning Approval":{"tableName":"23a72fe3-bc1b-4464-a8b5-9f001edf8d48"},"Viva Learning Catalog":{"tableName":"db283cdd-4754-4d7d-b59c-c86f81b526da"},"Viva Learning Thumbnails":{"tableName":"961866fd-6e60-41dd-9a57-532a6ed9d3fa"}}}},"apiTier":"Standard","actions":["providers/PowerPlatform.Governance/Operations/Read","providers/PowerPlatform.Governance/Operations/Write"]},"94435033-d6a5-41a7-b93e-0ce46851c69b":{"id":"/providers/microsoft.powerapps/apis/shared_logicflows","displayName":"Logic flows","iconUri":"https://connectoricons-prod.azureedge.net/releases/v1.0.1534/1.0.1534.2605/logicflows/icon.png","dataSources":["LDMoveFile"],"dependencies":[],"dependents":[],"parameterHints":{"workflowName":{"value":"02676b8a-ad67-4979-afd6-a6ad61ada93e"},"workflowEntityId":{"value":"88d82241-0e1b-ed11-b83e-002248376041"}},"parameterHintsV2":{"workflowName":{"value":"02676b8a-ad67-4979-afd6-a6ad61ada93e"},"workflowEntityId":{"value":"88d82241-0e1b-ed11-b83e-002248376041"}},"isOnPremiseConnection":false,"bypassConsent":false,"dataSets":{},"apiTier":"Standard","actions":["Run"]},"1bb2ba6a-7051-4c0a-8ebd-3a093c43f60f":{"id":"/providers/microsoft.powerapps/apis/shared_logicflows","displayName":"Logic flows","iconUri":"https://connectoricons-prod.azureedge.net/releases/v1.0.1534/1.0.1534.2605/logicflows/icon.png","dataSources":["LDUploadFile"],"dependencies":["ae4bb231-a281-40e6-988d-e29d88f8124a"],"dependents":[],"parameterHints":{"workflowName":{"value":"2e3875e0-8e31-4b46-8efd-039c7f03f3b1"},"workflowEntityId":{"value":"7729a5dc-320f-ed11-b83d-002248376041"},"ae4bb231-a281-40e6-988d-e29d88f8124a":{"value":"shared_sharepointonline"}},"parameterHintsV2":{"workflowName":{"value":"2e3875e0-8e31-4b46-8efd-039c7f03f3b1"},"workflowEntityId":{"value":"7729a5dc-320f-ed11-b83d-002248376041"},"shared_sharepointonline":{"value":"ae4bb231-a281-40e6-988d-e29d88f8124a"}},"isOnPremiseConnection":false,"bypassConsent":false,"dataSets":{},"apiTier":"Standard","actions":["Run"]},"ae4bb231-a281-40e6-988d-e29d88f8124a":{"id":"/providers/microsoft.powerapps/apis/shared_sharepointonline","displayName":"SharePoint","iconUri":"https://connectoricons-prod.azureedge.net/releases/v1.0.1610-greyhound-localization-RelayFix/1.0.1610.3091/sharepointonline/icon.png","dataSources":[],"dependencies":[],"dependents":["1bb2ba6a-7051-4c0a-8ebd-3a093c43f60f","94e084e1-5ccc-4fed-b5a1-20090d2c58d1"],"parameterHints":{},"parameterHintsV2":{},"isOnPremiseConnection":false,"bypassConsent":false,"dataSets":{},"apiTier":"Standard","actions":["providers/PowerPlatform.Governance/Operations/Read","providers/PowerPlatform.Governance/Operations/Write"]},"94e084e1-5ccc-4fed-b5a1-20090d2c58d1":{"id":"/providers/microsoft.powerapps/apis/shared_logicflows","displayName":"Logic flows","iconUri":"https://connectoricons-prod.azureedge.net/releases/v1.0.1534/1.0.1534.2605/logicflows/icon.png","dataSources":["LDChangeFileName"],"dependencies":["ae4bb231-a281-40e6-988d-e29d88f8124a"],"dependents":[],"parameterHints":{"workflowName":{"value":"e27e59b9-cd54-49c1-94b6-4736295d1f8e"},"workflowEntityId":{"value":"9881875c-dd2a-ed11-9db1-002248376041"},"ae4bb231-a281-40e6-988d-e29d88f8124a":{"value":"shared_sharepointonline"}},"parameterHintsV2":{"workflowName":{"value":"e27e59b9-cd54-49c1-94b6-4736295d1f8e"},"workflowEntityId":{"value":"9881875c-dd2a-ed11-9db1-002248376041"},"shared_sharepointonline":{"value":"ae4bb231-a281-40e6-988d-e29d88f8124a"}},"isOnPremiseConnection":false,"bypassConsent":false,"dataSets":{},"apiTier":"Standard","actions":["Run"]}}</ConnectionReferences>
      <DatabaseReferences>{}</DatabaseReferences>
      <AppComponents>[]</AppComponents>
      <AppComponentDependencies>[]</AppComponentDependencies>
      <CanConsumeAppPass>1</CanConsumeAppPass>
      <CanvasAppType>0</CanvasAppType>
      <BypassConsent>0</BypassConsent>
      <AdminControlBypassConsent>0</AdminControlBypassConsent>
      <EmbeddedApp xsi:nil="true"></EmbeddedApp>
      <IntroducedVersion>1.0</IntroducedVersion>
      <CdsDependencies>{"cdsdependencies":[]}</CdsDependencies>
      <IsCustomizable>1</IsCustomizable>
      <BackgroundImageUri>/CanvasApps/acvbr_microsoftvivasharepointcontentadmin_6eec7_BackgroundImageUri</BackgroundImageUri>
      <DocumentUri>/CanvasApps/acvbr_microsoftvivasharepointcontentadmin_6eec7_DocumentUri.msapp</DocumentUri>
    </CanvasApp>
  </CanvasApps>
  <connectionreferences>
    <connectionreference connectionreferencelogicalname="acvbr_sharedapprovals_c1699">
      <connectionreferencedisplayname>Approvals activatevivabrazil-c1699</connectionreferencedisplayname>
      <connectorid>/providers/Microsoft.PowerApps/apis/shared_approvals</connectorid>
      <iscustomizable>1</iscustomizable>
      <statecode>0</statecode>
      <statuscode>1</statuscode>
    </connectionreference>
    <connectionreference connectionreferencelogicalname="acvbr_sharedsharepointonline_7077b">
      <connectionreferencedisplayname>SharePoint activatevivabrazil-7077b</connectionreferencedisplayname>
      <connectorid>/providers/Microsoft.PowerApps/apis/shared_sharepointonline</connectorid>
      <iscustomizable>1</iscustomizable>
      <statecode>0</statecode>
      <statuscode>1</statuscode>
    </connectionreference>
    <connectionreference connectionreferencelogicalname="acvbr_sharedteams_e64a2">
      <connectionreferencedisplayname>Microsoft Teams activatevivabrazil-e64a2</connectionreferencedisplayname>
      <connectorid>/providers/Microsoft.PowerApps/apis/shared_teams</connectorid>
      <iscustomizable>1</iscustomizable>
      <statecode>0</statecode>
      <statuscode>1</statuscode>
    </connectionreference>
    <connectionreference connectionreferencelogicalname="vlss_sharedapprovals_765ab">
      <connectionreferencedisplayname>Approvals VivaLearningSharePointStarterKit-765ab</connectionreferencedisplayname>
      <connectorid>/providers/Microsoft.PowerApps/apis/shared_approvals</connectorid>
      <iscustomizable>1</iscustomizable>
      <statecode>0</statecode>
      <statuscode>1</statuscode>
    </connectionreference>
    <connectionreference connectionreferencelogicalname="vlss_sharedoffice365users_84f5d">
      <connectionreferencedisplayname>Office 365 Users VivaLearningSharePointStarterKit-84f5d</connectionreferencedisplayname>
      <connectorid>/providers/Microsoft.PowerApps/apis/shared_office365users</connectorid>
      <iscustomizable>1</iscustomizable>
      <statecode>0</statecode>
      <statuscode>1</statuscode>
    </connectionreference>
  </connectionreferences>
  <Languages>
    <Language>1033</Language>
  </Languages>
</ImportExportXml>