{
  "properties": {
    "connectionReferences": {
      "shared_sharepointonline": {
        "runtimeSource": "invoker",
        "connection": {
          "connectionReferenceLogicalName": "acvbr_sharedsharepointonline_7077b"
        },
        "api": {
          "name": "shared_sharepointonline"
        }
      }
    },
    "definition": {
      "$schema": "https://schema.management.azure.com/providers/Microsoft.Logic/schemas/2016-06-01/workflowdefinition.json#",
      "contentVersion": "1.0.0.0",
      "parameters": {
        "$connections": {
          "defaultValue": {},
          "type": "Object"
        },
        "$authentication": {
          "defaultValue": {},
          "type": "SecureObject"
        },
        "SharePoint Learning Site (acvbr_shared_sharepointonline_83021830026b4d5abf5b39c2d752ad6f)": {
          "defaultValue": "https://m365x66999889.sharepoint.com/sites/desenvolver",
          "type": "String",
          "metadata": {
            "schemaName": "acvbr_shared_sharepointonline_83021830026b4d5abf5b39c2d752ad6f",
            "description": "Provide the SharePoint Learning Address"
          }
        },
        "Viva Learning Catalog (acvbr_VivaLearningCatalog)": {
          "defaultValue": "bb8a5de2-3018-40b6-8868-2b64dbad2a7a",
          "type": "String",
          "metadata": {
            "schemaName": "acvbr_VivaLearningCatalog",
            "description": "Provide the address for the Learning catalog."
          }
        }
      },
      "triggers": {
        "manual": {
          "metadata": {
            "operationMetadataId": "5ac6dc8d-f93c-4b24-b631-7e09388c9c29"
          },
          "type": "Request",
          "kind": "Button",
          "inputs": {
            "schema": {
              "type": "object",
              "properties": {
                "text": {
                  "title": "L&D Contributors",
                  "type": "string",
                  "x-ms-dynamically-added": true,
                  "description": "Provide the Office 365 group email",
                  "x-ms-content-hint": "TEXT"
                }
              },
              "required": [
                "text"
              ]
            }
          }
        }
      },
      "actions": {
        "Set_Permissions": {
          "actions": {
            "Grant_View_Permission_to_Office_365_Group_to_Catalog_Folder": {
              "runAfter": {},
              "metadata": {
                "operationMetadataId": "76a537f7-705a-499c-af5f-3548a7a04a65"
              },
              "type": "OpenApiConnection",
              "inputs": {
                "host": {
                  "connectionName": "shared_sharepointonline",
                  "operationId": "GrantAccess",
                  "apiId": "/providers/Microsoft.PowerApps/apis/shared_sharepointonline"
                },
                "parameters": {
                  "dataset": "@parameters('SharePoint Learning Site (acvbr_shared_sharepointonline_83021830026b4d5abf5b39c2d752ad6f)')",
                  "table": "@parameters('Viva Learning Catalog (acvbr_VivaLearningCatalog)')",
                  "id": 1,
                  "parameter/recipients": "@triggerBody()['text']",
                  "parameter/roleValue": "role:1073741826",
                  "parameter/sendEmail": false
                },
                "authentication": {
                  "type": "Raw",
                  "value": "@json(decodeBase64(triggerOutputs().headers['X-MS-APIM-Tokens']))['$ConnectionKey']"
                }
              }
            },
            "Break_Inheritance_of_Approval_Library": {
              "runAfter": {
                "Grant_View_Permission_to_Office_365_Group_to_Catalog_Folder": [
                  "Succeeded"
                ]
              },
              "metadata": {
                "operationMetadataId": "91bbeb45-c0b1-4535-b3b8-f5cf9cd0f43c"
              },
              "type": "OpenApiConnection",
              "inputs": {
                "host": {
                  "connectionName": "shared_sharepointonline",
                  "operationId": "HttpRequest",
                  "apiId": "/providers/Microsoft.PowerApps/apis/shared_sharepointonline"
                },
                "parameters": {
                  "dataset": "@parameters('SharePoint Learning Site (acvbr_shared_sharepointonline_83021830026b4d5abf5b39c2d752ad6f)')",
                  "parameters/method": "POST",
                  "parameters/uri": "_api/web/lists/getByTitle('Viva Learning Approval')/breakroleinheritance(copyRoleAssignments=true, clearSubscopes=true)",
                  "parameters/headers": {
                    "Content-Type": "application/json;odata=none"
                  }
                },
                "authentication": {
                  "type": "Raw",
                  "value": "@json(decodeBase64(triggerOutputs().headers['X-MS-APIM-Tokens']))['$ConnectionKey']"
                }
              }
            },
            "Get_LD_Contributors_from_User_Info_List_SharePoint_Site": {
              "runAfter": {
                "Break_Inheritance_of_Approval_Library": [
                  "Succeeded"
                ]
              },
              "metadata": {
                "operationMetadataId": "a6b5adf7-7813-4794-a387-378ed69d7d25"
              },
              "type": "OpenApiConnection",
              "inputs": {
                "host": {
                  "connectionName": "shared_sharepointonline",
                  "operationId": "HttpRequest",
                  "apiId": "/providers/Microsoft.PowerApps/apis/shared_sharepointonline"
                },
                "parameters": {
                  "dataset": "@parameters('SharePoint Learning Site (acvbr_shared_sharepointonline_83021830026b4d5abf5b39c2d752ad6f)')",
                  "parameters/method": "GET",
                  "parameters/uri": "_api/web/siteusers?$select=Id,Email&$Filter=Email eq '@{triggerBody()['text']}'",
                  "parameters/headers": {
                    "Content-Type": "application/json;odata=none"
                  }
                },
                "authentication": {
                  "type": "Raw",
                  "value": "@json(decodeBase64(triggerOutputs().headers['X-MS-APIM-Tokens']))['$ConnectionKey']"
                }
              }
            },
            "Parse_User_Info_List": {
              "runAfter": {
                "Get_LD_Contributors_from_User_Info_List_SharePoint_Site": [
                  "Succeeded"
                ]
              },
              "metadata": {
                "operationMetadataId": "1507ea6c-380b-4b93-879f-addd26124cb2"
              },
              "type": "ParseJson",
              "inputs": {
                "content": "@body('Get_LD_Contributors_from_User_Info_List_SharePoint_Site')",
                "schema": {
                  "type": "object",
                  "properties": {
                    "d": {
                      "type": "object",
                      "properties": {
                        "results": {
                          "type": "array",
                          "items": {
                            "type": "object",
                            "properties": {
                              "Id": {
                                "type": "integer"
                              },
                              "Email": {
                                "type": "string"
                              }
                            }
                          }
                        }
                      }
                    }
                  }
                }
              }
            },
            "Selecionar_User_Info_List": {
              "runAfter": {
                "Parse_User_Info_List": [
                  "Succeeded"
                ]
              },
              "metadata": {
                "operationMetadataId": "75a3d6dd-91ff-4be3-abcf-93c9ea077024"
              },
              "type": "Select",
              "inputs": {
                "from": "@body('Parse_User_Info_List')?['d']?['results']",
                "select": {
                  "ID": "@item()?['Id']",
                  "Email": "@item()?['Email']"
                }
              }
            },
            "Get_Only_one_Item_from_User_Info_List": {
              "runAfter": {
                "Selecionar_User_Info_List": [
                  "Succeeded"
                ]
              },
              "metadata": {
                "operationMetadataId": "4c17248a-c45b-48c8-9bb9-a48e12d308c6"
              },
              "type": "Compose",
              "inputs": "@first(body('Selecionar_User_Info_List'))"
            },
            "Parse_LD_Contributors_group_from_Site_User_Info_List": {
              "runAfter": {
                "Get_Only_one_Item_from_User_Info_List": [
                  "Succeeded"
                ]
              },
              "metadata": {
                "operationMetadataId": "8c4e5d5d-769c-44d0-8baf-24d7bf4a69c2"
              },
              "type": "ParseJson",
              "inputs": {
                "content": "@outputs('Get_Only_one_Item_from_User_Info_List')",
                "schema": {
                  "type": "object",
                  "properties": {
                    "ID": {
                      "type": "integer"
                    },
                    "Email": {
                      "type": "string"
                    }
                  }
                }
              }
            },
            "Enviar_uma_solicitação_HTTP_ao_SharePoint": {
              "runAfter": {
                "Parse_LD_Contributors_group_from_Site_User_Info_List": [
                  "Succeeded"
                ]
              },
              "metadata": {
                "operationMetadataId": "97dc30f4-2f7f-4c8e-8248-2fc1ae0d1c91"
              },
              "type": "OpenApiConnection",
              "inputs": {
                "host": {
                  "connectionName": "shared_sharepointonline",
                  "operationId": "HttpRequest",
                  "apiId": "/providers/Microsoft.PowerApps/apis/shared_sharepointonline"
                },
                "parameters": {
                  "dataset": "@parameters('SharePoint Learning Site (acvbr_shared_sharepointonline_83021830026b4d5abf5b39c2d752ad6f)')",
                  "parameters/method": "POST",
                  "parameters/uri": "_api/web/lists/getByTitle('Viva Learning Approval')/roleassignments/addroleassignment(principalid=@{body('Parse_LD_Contributors_group_from_Site_User_Info_List')?['ID']}, roledefid=1073741827)",
                  "parameters/headers": {
                    "Content-Type": "application/json;odata=none"
                  }
                },
                "authentication": {
                  "type": "Raw",
                  "value": "@json(decodeBase64(triggerOutputs().headers['X-MS-APIM-Tokens']))['$ConnectionKey']"
                }
              }
            }
          },
          "runAfter": {},
          "metadata": {
            "operationMetadataId": "c5654fd4-5ab2-4d4c-8a42-818bbc74e696"
          },
          "type": "Scope"
        }
      },
      "outputs": {}
    },
    "templateName": ""
  },
  "schemaVersion": "1.0.0.0"
}