<environmentvariabledefinition schemaname="acvbr_VivaLearningCatalog">
  <apiid>/providers/microsoft.powerapps/apis/shared_sharepointonline</apiid>
  <description default="Provide the address for the Learning catalog.">
    <label description="Provide the address for the Learning catalog." languagecode="1033" />
  </description>
  <displayname default="Viva Learning Catalog">
    <label description="Viva Learning Catalog" languagecode="1033" />
  </displayname>
  <introducedversion>1.0.0.0</introducedversion>
  <iscustomizable>1</iscustomizable>
  <isrequired>0</isrequired>
  <parameterkey>table</parameterkey>
  <parentdefinitionid>
    <schemaname>acvbr_shared_sharepointonline_83021830026b4d5abf5b39c2d752ad6f</schemaname>
  </parentdefinitionid>
  <secretstore>0</secretstore>
  <type>100000004</type>
</environmentvariabledefinition>